"Year","Average_MEL"
2007,16.0501319261214
2008,6.81430745814307
2009,47.0494186046512
2010,22.6303191489362
2011,28.7164835164835
2012,23.3565459610028
2013,22.1930501930502
2014,12.1333333333333
2015,10.6440217391304
2016,4.89314516129032
2017,7.66174055829228
2018,16.9841772151899
2019,46.4141025641026
2020,9.60350318471338
2021,12.0468018720749
2022,12.2554179566563
2023,23.1818181818182
